label,avg_ct,avg_lt,avg_rt,bytes,concurrency,fail,stdev_rt,succ,throughput,perc_0.0,perc_50.0,perc_90.0,perc_95.0,perc_99.0,perc_99.9,perc_100.0,rc_200,rc_503,rc_NoHttpResponseException,rc_NoRouteToHostException
SolToken,0.08522,0.10575,0.10591,111169,225,1,0.11359,224,225,0.01600,0.05200,0.28600,0.33600,0.60600,0.62500,0.62500,224,,,1
,0.37611,0.39131,0.39598,338362524,225,834642,0.23250,224,834866,0.00000,0.38000,0.69300,0.80400,1.05200,1.48500,2.39000,224,811459,11,23172
UC1_BureauStore_Search,0.37786,0.38568,0.39033,321119460,225,792920,0.22396,0,792920,0.00500,0.37700,0.67400,0.77700,1.01600,1.46200,2.39000,,771002,,21918
UC2_BureauStore_Insert,0.38947,0.56881,0.57467,14577820,225,34908,0.31766,0,34908,0.00500,0.59700,0.96900,1.07300,1.32400,1.75600,2.38600,,33740,,1168
BureauStore_GET,0.22030,0.23026,0.23165,1329730,225,3414,0.22219,0,3414,0.00500,0.16200,0.54700,0.67100,0.92900,1.20000,1.68500,,3344,,70
UC3_BureauStore_Update,0.00813,0.06286,0.06333,1224345,225,3399,0.10297,0,3399,0.00000,0.01700,0.18000,0.24800,0.48000,0.86200,1.21100,,3373,11,15
